evidence_id	family	owner	source_revision	source_locator	capability	selected_profile_setting	historical_evidence	historical_method	historical_revision	carry_forward	current_execution	finding_class	remaining_witness_or_work	historical_checklist
F01	Identity and safe form pool	U	4670a5413104ec02bc08c09ff584470a8a6cb7bd	romio/src/main/java/com/uprfvx/romio/services/SpecialFormPredicates.java::cfruDpePoolCategory; Gen3RomHandler::getCfruDpeRandomPoolEligibility	SUPPORTED_WITH_GUARD	U unchanged; C/I selected safe species	https://github.com/Planton361/firered-gen9-randomizer-workspace/issues/660;https://github.com/Planton361/firered-gen9-randomizer-workspace/issues/670;https://github.com/Planton361/firered-gen9-randomizer-workspace/issues/676	SOURCE_REPAIR_AND_ACCEPTED_SELECTED_RUNTIME	3bdfe9919afc0b7bea55c79f37285e832be495c3	C/D unchanged from #635/#626; U current accepted product pin; W product-to-main only29 Tracker/docs files	SOURCE_INSPECTED; Java NOT_RUN	ACCEPTED_LIMITATION	Ordinary Gen9/regional runtime placement not separately witnessed	FVX-GEN-001;FVX-SST-001..015;FVX-WILD-001..012
F02	Stats and type assignment	CD	e68a701aa4e68733ef8ad1e7cadb68825c0d16c2;d887185de1f6ae6a78e85c4311bbadde17041d00	D src/Base_Stats.c; C src/config.h	DATA_SOURCE_ACCEPTED	U/C unchanged; I random stats and unchanged types	https://github.com/Planton361/firered-gen9-randomizer-workspace/issues/626;https://github.com/Planton361/firered-gen9-randomizer-workspace/issues/676	HISTORICAL_DATA_AUDIT_AND_USER_RUNTIME	3bdfe9919afc0b7bea55c79f37285e832be495c3	C/D unchanged from #635/#626; U current accepted product pin; W product-to-main only29 Tracker/docs files	SOURCE_INSPECTED	ACCEPTED_LIMITATION	Comparable data zero ledger does not prove all mechanics	FVX-TRAIT-001..007
F03	Active learnset owner	CU	e68a701aa4e68733ef8ad1e7cadb68825c0d16c2;4670a5413104ec02bc08c09ff584470a8a6cb7bd	C src/config.h EXPAND_MOVESETS; C src/Tables/level_up_learnsets.c; U Gen3RomHandler::getCfruDpeMovesLearnt	SUPPORTED_WITH_GUARD	U/C native learnsets; I randomized and four starting moves	https://github.com/Planton361/firered-gen9-randomizer-workspace/issues/635;https://github.com/Planton361/firered-gen9-randomizer-workspace/issues/676	SOURCE_OWNER_AND_ACCEPTED_PROFILE	3bdfe9919afc0b7bea55c79f37285e832be495c3	C/D unchanged from #635/#626; U current accepted product pin; W product-to-main only29 Tracker/docs files	SOURCE_INSPECTED; Java/C NOT_RUN	ACCEPTED_LIMITATION	Later reach and species-specific runtime sampling remain	FVX-MOVE-007..011
F04	Ability runtime IDs and filters	U	4670a5413104ec02bc08c09ff584470a8a6cb7bd	romio/src/main/java/com/uprfvx/romio/services/AbilityRandomizationPolicy.java; random SpeciesAbilityRandomizer	SUPPORTED_WITH_GUARD	I RANDOM; Wonder Guard OFF; trapping/negative/bad bans ON; follow/duplicate/ensure-two OFF	https://github.com/Planton361/firered-gen9-randomizer-workspace/issues/670;https://github.com/Planton361/firered-gen9-randomizer-workspace/issues/675;https://github.com/Planton361/firered-gen9-randomizer-workspace/issues/676	HISTORICAL_1542_JUNIT_ZERO_FAILURE_ERROR_SKIP_AND_ACCEPTANCE	3bdfe9919afc0b7bea55c79f37285e832be495c3	C/D unchanged from #635/#626; U current accepted product pin; W product-to-main only29 Tracker/docs files	SOURCE_INSPECTED; Java NOT_RUN	REPAIRED_HISTORICAL_DEFECT	252 base/230 selected candidates; names and party selection still contextual	FVX-TRAIT-008..015
F05	Raw ability tuple preservation	U	4670a5413104ec02bc08c09ff584470a8a6cb7bd	romio Gen3RomHandler::loadBasicPokeStats/saveBasicPokeStats; Gen3CfruDpeAbilitySlotPreservationTest	SUPPORTED_WITH_GUARD	U/C unchanged; changed I tuples retain documented fallback	https://github.com/Planton361/firered-gen9-randomizer-workspace/issues/675;https://github.com/Planton361/firered-gen9-randomizer-workspace/issues/676	HISTORICAL_SYNTHETIC_WRITER_AND_CC01	3bdfe9919afc0b7bea55c79f37285e832be495c3	C/D unchanged from #635/#626; U current accepted product pin; W product-to-main only29 Tracker/docs files	SOURCE_INSPECTED; Java NOT_RUN	ACCEPTED_EVIDENCE	Hidden and zero slot2 preserved only on unchanged loaded tuple; no fresh output	FVX-TRAIT-008
F06	Move metadata/type preservation	U	4670a5413104ec02bc08c09ff584470a8a6cb7bd	romio Gen3RomHandler::originalCfruDpeMoveTypes; Gen3CfruDpeMoveTypePreservationTest	SUPPORTED_WITH_GUARD	U/C native; optional matrix move modes separate	https://github.com/Planton361/firered-gen9-randomizer-workspace/issues/676;https://github.com/Planton361/firered-gen9-randomizer-workspace/issues/681	HISTORICAL_PRESERVATION_AND_GENERATION	3bdfe9919afc0b7bea55c79f37285e832be495c3	C/D unchanged from #635/#626; U current accepted product pin; W product-to-main only29 Tracker/docs files	SOURCE_INSPECTED; Java NOT_RUN	ACCEPTED_LIMITATION	System Z/Max/G-Max move exclusions are not mechanics support	FVX-MOVE-001..006
F07	Trainer identity	U	4670a5413104ec02bc08c09ff584470a8a6cb7bd	romio Gen3RomHandler::getMovesAtLevel(Species)/saveTrainers	SUPPORTED_WITH_GUARD	C/I trainer species selected; U unchanged	https://github.com/Planton361/firered-gen9-randomizer-workspace/issues/660;https://github.com/Planton361/firered-gen9-randomizer-workspace/issues/670;https://github.com/Planton361/firered-gen9-randomizer-workspace/issues/676	HISTORICAL_INTERNAL_ID_REPAIR_AND_RUNTIME	3bdfe9919afc0b7bea55c79f37285e832be495c3	C/D unchanged from #635/#626; U current accepted product pin; W product-to-main only29 Tracker/docs files	SOURCE_INSPECTED; Java NOT_RUN	REPAIRED_HISTORICAL_DEFECT	Dex906/internal1294 collision; other serializers retain their own identity rules	FVX-FOE-001
F08	Trainer raw metadata and levels	U	4670a5413104ec02bc08c09ff584470a8a6cb7bd	romio Gen3RomHandler::writeTrainerPokemon; originalCfruDpeTrainerOpaqueWords	SUPPORTED_WITH_GUARD	I +50 percent; U/C unchanged levels	https://github.com/Planton361/firered-gen9-randomizer-workspace/issues/670;https://github.com/Planton361/firered-gen9-randomizer-workspace/issues/675;https://github.com/Planton361/firered-gen9-randomizer-workspace/issues/676	HISTORICAL_WRITER_TESTS_AND_PROFILE_ACCEPTANCE	3bdfe9919afc0b7bea55c79f37285e832be495c3	C/D unchanged from #635/#626; U current accepted product pin; W product-to-main only29 Tracker/docs files	SOURCE_INSPECTED; Java NOT_RUN	ACCEPTED_LIMITATION	32-byte expanded row; individual IM01-05 witnesses incomplete	FVX-FOE-014
F09	Trainer AI ownership	CU	e68a701aa4e68733ef8ad1e7cadb68825c0d16c2;4670a5413104ec02bc08c09ff584470a8a6cb7bd	C src/config.h VAR_GAME_DIFFICULTY/VAR_TRAINER_LEVEL_SCALING_MODE; U trainer serializer	REDUNDANT_CFRU_NATIVE	U/C Standard raw7; I Smart raw8; native trainer/wild scaling OFF	https://github.com/Planton361/firered-gen9-randomizer-workspace/issues/660;https://github.com/Planton361/firered-gen9-randomizer-workspace/issues/670;https://github.com/Planton361/firered-gen9-randomizer-workspace/issues/675;https://github.com/Planton361/firered-gen9-randomizer-workspace/issues/676	SOURCE_OWNER_AND_USER_ACCEPTANCE_WITH_LIMITS	3bdfe9919afc0b7bea55c79f37285e832be495c3	C/D unchanged from #635/#626; U current accepted product pin; W product-to-main only29 Tracker/docs files	SOURCE_INSPECTED; runtime NOT_RUN	ACCEPTED_LIMITATION	Do not double-apply native scaling or NatDex vanilla AI patch	FVX-FOE-001;FVX-FOE-014
F10	Better movesets and sensible held items	U	4670a5413104ec02bc08c09ff584470a8a6cb7bd	random TrainerHeldItemRandomizer; trainer moveset consumers	PRESENT_SEMANTICS_LIMITED	OFF all selected profiles	https://github.com/Planton361/firered-gen9-randomizer-workspace/issues/670;https://github.com/Planton361/firered-gen9-randomizer-workspace/issues/675;https://github.com/Planton361/firered-gen9-randomizer-workspace/issues/681	HISTORICAL_SOURCE_AUDIT;DIAGNOSTIC_GENERATION_ONLY	3bdfe9919afc0b7bea55c79f37285e832be495c3	C/D unchanged from #635/#626; U current accepted product pin; W product-to-main only29 Tracker/docs files	SOURCE_INSPECTED; Java NOT_RUN	ACCEPTED_LIMITATION	Generic split/evolution/synergy assumptions; diagnostic success is not sensible-item PASS	FVX-FOE-002..004;FVX-FOE-008
F11	Other trainer modes	U	4670a5413104ec02bc08c09ff584470a8a6cb7bd	romio Gen3RomHandler trainer readers/writers; matrix FOE families	SUPPORTED_WITH_GUARD	Selected C/I only; other modes optional	https://github.com/Planton361/firered-gen9-randomizer-workspace/issues/660;https://github.com/Planton361/firered-gen9-randomizer-workspace/issues/670;https://github.com/Planton361/firered-gen9-randomizer-workspace/issues/681	HISTORICAL_MODE_GENERATION_REOPEN	3bdfe9919afc0b7bea55c79f37285e832be495c3	C/D unchanged from #635/#626; U current accepted product pin; W product-to-main only29 Tracker/docs files	SOURCE_INSPECTED; real generation NOT_RUN	COVERAGE_GAP	Extra mons/themes/style/rival/names/sprites generation not universal runtime	FVX-FOE-005..007;FVX-FOE-009..013
F12	Evolution rows/targets	U	4670a5413104ec02bc08c09ff584470a8a6cb7bd	romio Gen3RomHandler::prepareCfruDpeEvolutionRows; random EvolutionRandomizer	SUPPORTED_WITH_GUARD	C/I ordinary RANDOM; control unchanged	https://github.com/Planton361/firered-gen9-randomizer-workspace/issues/670;https://github.com/Planton361/firered-gen9-randomizer-workspace/issues/675;https://github.com/Planton361/firered-gen9-randomizer-workspace/issues/676;https://github.com/Planton361/firered-gen9-randomizer-workspace/issues/681	HISTORICAL_RAW_ROW_TARGET_TESTS_AND_GENERATION	3bdfe9919afc0b7bea55c79f37285e832be495c3	C/D unchanged from #635/#626; U current accepted product pin; W product-to-main only29 Tracker/docs files	SOURCE_INSPECTED; Java NOT_RUN	ACCEPTED_EVIDENCE	Unmodeled relationship changes reject before write; holes/metadata preserved	FVX-TRAIT-016;FVX-TRAIT-018..023
F13	Generic evolution consumers	U	4670a5413104ec02bc08c09ff584470a8a6cb7bd	romio Gen3RomHandler evolution guards; matrix TARGET_EXCLUDED	UNSAFE_EXCLUDE	RANDOM_EVERY_LEVEL and unsafe improvements excluded	https://github.com/Planton361/firered-gen9-randomizer-workspace/issues/670;https://github.com/Planton361/firered-gen9-randomizer-workspace/issues/675;https://github.com/Planton361/firered-gen9-randomizer-workspace/issues/681	HISTORICAL_GUARD_FAILURE_CLASSIFICATION	3bdfe9919afc0b7bea55c79f37285e832be495c3	C/D unchanged from #635/#626; U current accepted product pin; W product-to-main only29 Tracker/docs files	SOURCE_INSPECTED; mocked matrix PASS	GUARD	Keep unsupported generic consumers OFF; no bypass	FVX-TRAIT-017;FVX-TRAIT-024..027
F14	Legendary/EXP classification	U	4670a5413104ec02bc08c09ff584470a8a6cb7bd	romio SpeciesClassificationPolicy; Gen3RomHandler::getSpeciesClassificationPolicy	SUPPORTED_WITH_GUARD	Target-owned CFRU/DPE identities	https://github.com/Planton361/firered-gen9-randomizer-workspace/issues/676;https://github.com/Planton361/firered-gen9-randomizer-workspace/issues/681	UPR196_REPAIR_BEFORE_FINAL_PRODUCT_LOCK	3bdfe9919afc0b7bea55c79f37285e832be495c3	C/D unchanged from #635/#626; U current accepted product pin; W product-to-main only29 Tracker/docs files	SOURCE_INSPECTED; Java NOT_RUN	REPAIRED_HISTORICAL_DEFECT	No fresh exhaustive runtime classification proof	FVX-TRAIT-028;FVX-SST-006;FVX-WILD-006
F15	Starter/static/gift/trade paths	U	4670a5413104ec02bc08c09ff584470a8a6cb7bd	romio Gen3RomHandler; safe species guard; matrix STARTERS_STATICS_TRADES	SUPPORTED_WITH_GUARD	U unchanged; C/I selected randomization	https://github.com/Planton361/firered-gen9-randomizer-workspace/issues/676;https://github.com/Planton361/firered-gen9-randomizer-workspace/issues/681	USER_STARTER_GIFT_TRADE_AND_GENERATION	3bdfe9919afc0b7bea55c79f37285e832be495c3	C/D unchanged from #635/#626; U current accepted product pin; W product-to-main only29 Tracker/docs files	SOURCE_INSPECTED; runtime NOT_RUN	ACCEPTED_LIMITATION	Gen9/regional placement missing; no every-static runtime proof	FVX-SST-001..015
F16	Wild modes and held pools	U	4670a5413104ec02bc08c09ff584470a8a6cb7bd	romio Gen3RomHandler; CfruDpeItemPoolPolicy; matrix WILD/SPECIAL_WILD	SUPPORTED_WITH_GUARD	C/I selected wild modes; control unchanged	https://github.com/Planton361/firered-gen9-randomizer-workspace/issues/676;https://github.com/Planton361/firered-gen9-randomizer-workspace/issues/681	USER_EARLY_WILD_AND_GENERATION	3bdfe9919afc0b7bea55c79f37285e832be495c3	C/D unchanged from #635/#626; U current accepted product pin; W product-to-main only29 Tracker/docs files	SOURCE_INSPECTED; mocked matrix PASS	COVERAGE_GAP	Optional mode generation is not every encounter runtime proof	FVX-WILD-001..012
F17	Machine/tutor layout	CD	e68a701aa4e68733ef8ad1e7cadb68825c0d16c2;d887185de1f6ae6a78e85c4311bbadde17041d00	D src/tm_compatibility; src/tutor_compatibility; C machine/tutor tables; tm07-policy-a-integration audit	SOURCE_LAYOUT_ACCEPTED	Native data unless selected UPR randomization	https://github.com/Planton361/firered-gen9-randomizer-workspace/issues/626;https://github.com/Planton361/firered-gen9-randomizer-workspace/issues/676	HISTORICAL_128_TMHM_152_TUTOR_LAYOUT_AND_BUILDER	3bdfe9919afc0b7bea55c79f37285e832be495c3	C/D unchanged from #635/#626; U current accepted product pin; W product-to-main only29 Tracker/docs files	SOURCE_CONTINUITY; regeneration NOT_RUN	ACCEPTED_EVIDENCE	1440 rows; 16-byte TMHM and 19-byte tutor; runtime not universal	FVX-TM-001..015
F18	TM07 Low Kick Policy A	D	d887185de1f6ae6a78e85c4311bbadde17041d00	src/tm_compatibility/7 - Low Kick.txt; docs/audits/tm07-policy-a-integration-2026-10-03.md	BOUNDED_DATA_CONTRACT_ACCEPTED	Native slot7 Low Kick; exact212 members	https://github.com/Planton361/firered-gen9-randomizer-workspace/issues/626	HISTORICAL_IN_MEMORY_BITSET_REPLAY	d887185de1f6ae6a78e85c4311bbadde17041d00	C/D unchanged from #635/#626; U current accepted product pin; W product-to-main only29 Tracker/docs files	SOURCE_CONTINUITY; replay NOT_RUN	ACCEPTED_EVIDENCE	Policy A only; all other127 bits preserved; no broader legality inference	FVX-TM-005
F19	TM/HM/tutor randomization and QoL	CU	e68a701aa4e68733ef8ad1e7cadb68825c0d16c2;4670a5413104ec02bc08c09ff584470a8a6cb7bd	U Gen3RomHandler TMHM/tutor pointers and counts; C native HM/TM predicates	SUPPORTED_WITH_GUARD	C/I selected moves/compatibility; reusableTM/forgettableHM native	https://github.com/Planton361/firered-gen9-randomizer-workspace/issues/676;https://github.com/Planton361/firered-gen9-randomizer-workspace/issues/681	USER_TM39_TUTOR_HM_AND_GENERATION	3bdfe9919afc0b7bea55c79f37285e832be495c3	C/D unchanged from #635/#626; U current accepted product pin; W product-to-main only29 Tracker/docs files	SOURCE_INSPECTED; runtime NOT_RUN	ACCEPTED_LIMITATION	Broader acquisition/inheritance and every move remain unobserved	FVX-TM-001..015;FVX-MISC-011..012
F20	Items/shops/Pickup	U	4670a5413104ec02bc08c09ff584470a8a6cb7bd	romio CfruDpeItemPoolPolicy; Gen3RomHandler::applyCfruDpeItemPoolPolicy; Pickup guards	ITEMS_SHOPS_GUARDED_PICKUP_UNSUPPORTED	C/I selected safe item/shop pools; Pickup UNCHANGED/unsupported	https://github.com/Planton361/firered-gen9-randomizer-workspace/issues/676;https://github.com/Planton361/firered-gen9-randomizer-workspace/issues/681	USER_FIELD_HIDDEN_TM_BALL_SHOP_AND_GENERATION	3bdfe9919afc0b7bea55c79f37285e832be495c3	C/D unchanged from #635/#626; U current accepted product pin; W product-to-main only29 Tracker/docs files	SOURCE_INSPECTED; mocked matrix PASS	ACCEPTED_LIMITATION	799 item domain; reserved/key/unsupported constraints; no all-item semantics PASS	FVX-ITEM-001..010
F21	Type effectiveness modes	U	4670a5413104ec02bc08c09ff584470a8a6cb7bd	romio Gen3RomHandler type table mapping; matrix TYPE_EFFECTIVENESS	SUPPORTED_WITH_GUARD	Selected profiles unchanged; optional matrix modes	https://github.com/Planton361/firered-gen9-randomizer-workspace/issues/660;https://github.com/Planton361/firered-gen9-randomizer-workspace/issues/681	HISTORICAL_GENERATION_REOPEN	3bdfe9919afc0b7bea55c79f37285e832be495c3	C/D unchanged from #635/#626; U current accepted product pin; W product-to-main only29 Tracker/docs files	SOURCE_INSPECTED; runtime NOT_RUN	COVERAGE_GAP	Matrix capability does not establish runtime for every type interaction	FVX-TYPE-001..003
F22	Palette deterministic calibration	U	4670a5413104ec02bc08c09ff584470a8a6cb7bd	romio graphics/palettes/Gen3to5TypeColors.java; random DeterministicPaletteReplayTest	SUPPORTED_WITH_GUARD	OFF selected U/C/I; GRAPHICS_PALETTES_SAFE matrix	https://github.com/Planton361/firered-gen9-randomizer-workspace/issues/681;https://github.com/Planton361/firered-gen9-randomizer-workspace/issues/685;https://github.com/Planton361/firered-gen9-randomizer-workspace/issues/686	HISTORICAL_32_JUNIT_ZERO_FAILURE_ERROR_SKIP;20_FRESH_JVM;10_PRIVATE_REPLAYS	3bdfe9919afc0b7bea55c79f37285e832be495c3	C/D unchanged from #635/#626; U current accepted product pin; W product-to-main only29 Tracker/docs files	SOURCE_INSPECTED; Java/private NOT_RUN	REPAIRED_HISTORICAL_DEFECT	Gen1 fixture only; upstream-native and broader form proofs still missing	FVX-GFX-001;FVX-GFX-003
F23	Unsafe/unsupported graphics	U	4670a5413104ec02bc08c09ff584470a8a6cb7bd	matrix TARGET_EXCLUDED; generator unsupported IDs	UNSAFE_EXCLUDE_OR_GENERATOR_UNSUPPORTED	Follow Types/Shiny From Normal excluded; selected palettes OFF	https://github.com/Planton361/firered-gen9-randomizer-workspace/issues/681	HISTORICAL_FIRST_FAILURE_AND_GUARD_CLASSIFICATION	3bdfe9919afc0b7bea55c79f37285e832be495c3	C/D unchanged from #635/#626; U current accepted product pin; W product-to-main only29 Tracker/docs files	SOURCE_INSPECTED; mocked matrix PASS	GUARD	No unsafe modes re-enabled; custom-player options not inferred supported	FVX-GFX-002;FVX-GFX-004..006
F24	Settings/gen limits/race/preset	U	4670a5413104ec02bc08c09ff584470a8a6cb7bd	Settings serialization; matrix verify_settings/normalization witnesses	SUPPORTED_WITH_GUARD	Exact U/C/I identities; I race; target Gen-limit normalization	https://github.com/Planton361/firered-gen9-randomizer-workspace/issues/676;https://github.com/Planton361/firered-gen9-randomizer-workspace/issues/681	HISTORICAL_SAVE_LOAD_REOPEN_REPLAY	3bdfe9919afc0b7bea55c79f37285e832be495c3	C/D unchanged from #635/#626; U current accepted product pin; W product-to-main only29 Tracker/docs files	SOURCE_INSPECTED; mocked matrix PASS	ACCEPTED_LIMITATION	true to false/0x3FE to null is not effective Gen1-9 filtering	FVX-GEN-001..004
F25	Misc tweak ownership	CU	e68a701aa4e68733ef8ad1e7cadb68825c0d16c2;4670a5413104ec02bc08c09ff584470a8a6cb7bd	C src/config.h; U Gen3RomHandler::applyMiscTweak/getAvailableMiscTweaks	TARGET_SPECIFIC	C/I Fastest Text; U Misc0; native early/indoor run; NationalDex guarded	https://github.com/Planton361/firered-gen9-randomizer-workspace/issues/635;https://github.com/Planton361/firered-gen9-randomizer-workspace/issues/660;https://github.com/Planton361/firered-gen9-randomizer-workspace/issues/676;https://github.com/Planton361/firered-gen9-randomizer-workspace/issues/681	HISTORICAL_SOURCE_AND_SELECTED_RUNTIME	3bdfe9919afc0b7bea55c79f37285e832be495c3	C/D unchanged from #635/#626; U current accepted product pin; W product-to-main only29 Tracker/docs files	SOURCE_INSPECTED; runtime NOT_RUN	ACCEPTED_LIMITATION	GUI option presence or native redundancy not unrestricted support	FVX-MISC-001..012
F26	Script/QoL inventory	C	e68a701aa4e68733ef8ad1e7cadb68825c0d16c2	src/config.h; functionrewrites; mapobjectoverlays; R0 scope audit	ACCEPTED_BOUNDED_NATIVE_FEATURES	Locked pilot defaults; fast battle message flag distinct	https://github.com/Planton361/firered-gen9-randomizer-workspace/issues/635	HISTORICAL_NATIVE_BUILD_AND_BOUNDED_RUNTIME	58d0ae45fddb74e04eb1dc997b439cdbb900735e	C/D unchanged from #635/#626; U current accepted product pin; W product-to-main only29 Tracker/docs files	SOURCE_INSPECTED; C/runtime NOT_RUN	ACCEPTED_LIMITATION	D04-D16 and later B/C/E/F/G/P not silently passed	NA
F27	Battle origin and B quick run	C	e68a701aa4e68733ef8ad1e7cadb68825c0d16c2	src/wild_encounter.c::ScrCmd_dowildbattle; src/move_menu.c::CanUseBQuickRunHere; hooks	SUPPORTED_WITH_GUARD	Ordinary wild and exact prebattle Engage; special contexts excluded	https://github.com/Planton361/firered-gen9-randomizer-workspace/issues/635	HISTORICAL_HOOK_C_HARNESS_AND_USER_RUNTIME	58d0ae45fddb74e04eb1dc997b439cdbb900735e	C/D unchanged from #635/#626; U current accepted product pin; W product-to-main only29 Tracker/docs files	SOURCE_INSPECTED; C/runtime NOT_RUN	ACCEPTED_EVIDENCE	8-byte hook in16-byte span; consume0xB632 before start; no persistent provenance	NA
F28	Pointer/ABI/persistent layout	C	e68a701aa4e68733ef8ad1e7cadb68825c0d16c2	functionrewrites M009_OverworldBasic; src/scripting.c::scrB3_CheckCoins; hooks; accepted R0 audit	BOUNDED_SOURCE_ACCEPTED	Existing pilot ABI only	https://github.com/Planton361/firered-gen9-randomizer-workspace/issues/635	HISTORICAL_SOURCE_NATIVE_HARNESS_AND_BUILD	58d0ae45fddb74e04eb1dc997b439cdbb900735e	C/D unchanged from #635/#626; U current accepted product pin; W product-to-main only29 Tracker/docs files	SOURCE_INSPECTED; native harness NOT_RUN	ACCEPTED_LIMITATION	Halfword operand/u32-to-u16 saturation; frame order; no new ABI proof	NA
F29	Engine semantics versus data	CD	e68a701aa4e68733ef8ad1e7cadb68825c0d16c2;d887185de1f6ae6a78e85c4311bbadde17041d00	C src/config.h FROSTBITE; C ability/move/form runtime owners; D Base_Stats	LIMITED_ENGINE_PROFILE	No new Gen9 mechanics	https://github.com/Planton361/firered-gen9-randomizer-workspace/issues/635;https://github.com/Planton361/firered-gen9-randomizer-workspace/issues/675;https://github.com/Planton361/firered-gen9-randomizer-workspace/issues/676	HISTORICAL_ACCEPTED_LIMITATIONS	3bdfe9919afc0b7bea55c79f37285e832be495c3	C/D unchanged from #635/#626; U current accepted product pin; W product-to-main only29 Tracker/docs files	SOURCE_INSPECTED	ACCEPTED_LIMITATION	Assignments/catalog aliases do not prove Hospitality/Commander/Embody Aspect or universal mechanics	NA
T01	Early lifecycle guard	W	89f83c914d430f20a304e67be76483c02c8b67c8	03_tools/tracker-extensions/CFRUDPEExtension/CFRUDPEExtension.lua	PRODUCTION_QUARANTINED	Phase A only; production disabled	https://github.com/Planton361/firered-gen9-randomizer-workspace/issues/691#issuecomment-6048431959	HISTORICAL_PHASE_A_SYNTHETIC_ACCEPTANCE	0178aee3a211835675bb0981de98252dc26e35ba	Exact current W and pinned T inspected; no production wiring implied	55 Lua tests PASS;4 Python source PASS	IMPLEMENTED_GUARD	Production mock=false denies activation; synthetic transactional imports only	NA
T02	Direct party decoder	W	89f83c914d430f20a304e67be76483c02c8b67c8	03_tools/tracker-extensions/CFRUDPEExtension/source_party_decoder.lua	DETACHED_TEST_ONLY	Phase A only; production disabled	https://github.com/Planton361/firered-gen9-randomizer-workspace/issues/692	HISTORICAL_PHASE_A_SYNTHETIC_ACCEPTANCE	bacec6e5c6719063524aae8a164a73b9ca25e82c	Exact current W and pinned T inspected; no production wiring implied	43 Lua PASS;3 source PASS	IMPLEMENTATION_GAP	Real Program still stock XOR/shuffle; decoder not wired	NA
T03	Battle decoder	W	89f83c914d430f20a304e67be76483c02c8b67c8	03_tools/tracker-extensions/CFRUDPEExtension/source_battle_decoder.lua	DETACHED_TEST_ONLY	Phase A only; production disabled	https://github.com/Planton361/firered-gen9-randomizer-workspace/issues/693#issuecomment-6049255404	HISTORICAL_PHASE_A_SYNTHETIC_ACCEPTANCE	d6367e09d1a1976976d3991c1bd7c06fa20f4626	Exact current W and pinned T inspected; no production wiring implied	76 Lua PASS;4 source PASS	IMPLEMENTATION_GAP	u16 singles indices/epoch validation not host updateViewSlots	NA
T04	UI projection	W	89f83c914d430f20a304e67be76483c02c8b67c8	03_tools/tracker-extensions/CFRUDPEExtension/source_ui_projection.lua	DETACHED_TEST_ONLY	Phase A only; production disabled	https://github.com/Planton361/firered-gen9-randomizer-workspace/issues/694#issuecomment-6049645674	HISTORICAL_PHASE_A_SYNTHETIC_ACCEPTANCE	a03e2a7373cdc7789b925b22e62498dc754e4913	Exact current W and pinned T inspected; no production wiring implied	63 Lua PASS;3 source PASS	IMPLEMENTATION_GAP	Not real DataHelper/TrackerScreen; no notes/persistence fallback	NA
T05	Program team producer	T	c450ecaee2d8131a2789bb656e3be792a93712fb	ironmon_tracker/Program.lua::updatePokemonTeams/readNewPokemon	STOCK_NOT_ADAPTED	Phase A only; production disabled	https://github.com/Planton361/firered-gen9-randomizer-workspace/issues/688;https://github.com/Planton361/firered-gen9-randomizer-workspace/issues/691;https://github.com/Planton361/firered-gen9-randomizer-workspace/issues/692;https://github.com/Planton361/firered-gen9-randomizer-workspace/issues/693;https://github.com/Planton361/firered-gen9-randomizer-workspace/issues/694	HISTORICAL_CONSUMER_INVENTORY_NOT_EXECUTION	a03e2a7373cdc7789b925b22e62498dc754e4913	Exact current W and pinned T inspected; no production wiring implied	SOURCE_INSPECTED; real host functions NOT_RUN	IMPLEMENTATION_GAP	100-byte direct CFRU; stale invalid rows; verification state mutations; static enemy PP	NA
T06	Battle indices	T	c450ecaee2d8131a2789bb656e3be792a93712fb	ironmon_tracker/Battle.lua::updateViewSlots	STOCK_NOT_ADAPTED	Phase A only; production disabled	https://github.com/Planton361/firered-gen9-randomizer-workspace/issues/688;https://github.com/Planton361/firered-gen9-randomizer-workspace/issues/691;https://github.com/Planton361/firered-gen9-randomizer-workspace/issues/692;https://github.com/Planton361/firered-gen9-randomizer-workspace/issues/693;https://github.com/Planton361/firered-gen9-randomizer-workspace/issues/694	HISTORICAL_CONSUMER_INVENTORY_NOT_EXECUTION	a03e2a7373cdc7789b925b22e62498dc754e4913	Exact current W and pinned T inspected; no production wiring implied	SOURCE_INSPECTED; real host NOT_RUN	IMPLEMENTATION_GAP	Byte reads/clamping lose high byte; require u16 0..5 without fake slots	NA
T07	TrackerAPI	T	c450ecaee2d8131a2789bb656e3be792a93712fb	ironmon_tracker/TrackerAPI.lua::getPlayerPokemon/getEnemyPokemon; ability/type/trainer accessors	STOCK_NOT_ADAPTED	Phase A only; production disabled	https://github.com/Planton361/firered-gen9-randomizer-workspace/issues/688;https://github.com/Planton361/firered-gen9-randomizer-workspace/issues/691;https://github.com/Planton361/firered-gen9-randomizer-workspace/issues/692;https://github.com/Planton361/firered-gen9-randomizer-workspace/issues/693;https://github.com/Planton361/firered-gen9-randomizer-workspace/issues/694	HISTORICAL_CONSUMER_INVENTORY_NOT_EXECUTION	a03e2a7373cdc7789b925b22e62498dc754e4913	Exact current W and pinned T inspected; no production wiring implied	SOURCE_INSPECTED; host NOT_RUN	IMPLEMENTATION_GAP	Shared party models; no effective battle source; API wrapper alone insufficient	NA
T08	DataHelper and renderer	T	c450ecaee2d8131a2789bb656e3be792a93712fb	ironmon_tracker/data/DataHelper.lua::buildTrackerScreenDisplay; ironmon_tracker/screens/TrackerScreen.lua::drawScreen	STOCK_NOT_ADAPTED	Phase A only; production disabled	https://github.com/Planton361/firered-gen9-randomizer-workspace/issues/688;https://github.com/Planton361/firered-gen9-randomizer-workspace/issues/691;https://github.com/Planton361/firered-gen9-randomizer-workspace/issues/692;https://github.com/Planton361/firered-gen9-randomizer-workspace/issues/693;https://github.com/Planton361/firered-gen9-randomizer-workspace/issues/694	HISTORICAL_CONSUMER_INVENTORY_NOT_EXECUTION	a03e2a7373cdc7789b925b22e62498dc754e4913	Exact current W and pinned T inspected; no production wiring implied	SOURCE_INSPECTED; host NOT_RUN	IMPLEMENTATION_GAP	Independent static/notes-derived BST EXP stage moves PP path	NA
T09	BattleDetails direct readers	T	c450ecaee2d8131a2789bb656e3be792a93712fb	ironmon_tracker/screens/BattleDetailsScreen.lua::updateData/updateTerrain	STOCK_NOT_ADAPTED	Phase A only; production disabled	https://github.com/Planton361/firered-gen9-randomizer-workspace/issues/688;https://github.com/Planton361/firered-gen9-randomizer-workspace/issues/691;https://github.com/Planton361/firered-gen9-randomizer-workspace/issues/692;https://github.com/Planton361/firered-gen9-randomizer-workspace/issues/693;https://github.com/Planton361/firered-gen9-randomizer-workspace/issues/694	HISTORICAL_CONSUMER_INVENTORY_NOT_EXECUTION	a03e2a7373cdc7789b925b22e62498dc754e4913	Exact current W and pinned T inspected; no production wiring implied	SOURCE_INSPECTED; host NOT_RUN	IMPLEMENTATION_GAP	status2/status3/side/disable/wish/terrain/weather bypass API; need gates	NA
T10	Lifecycle read-only hazards	T	c450ecaee2d8131a2789bb656e3be792a93712fb	ironmon_tracker/Battle.lua::beginNewBattle/endBattle; GameOverScreen temp save call	STOCK_NOT_ADAPTED	Phase A only; production disabled	https://github.com/Planton361/firered-gen9-randomizer-workspace/issues/688;https://github.com/Planton361/firered-gen9-randomizer-workspace/issues/691;https://github.com/Planton361/firered-gen9-randomizer-workspace/issues/692;https://github.com/Planton361/firered-gen9-randomizer-workspace/issues/693;https://github.com/Planton361/firered-gen9-randomizer-workspace/issues/694	HISTORICAL_CONSUMER_INVENTORY_NOT_EXECUTION	a03e2a7373cdc7789b925b22e62498dc754e4913	Exact current W and pinned T inspected; no production wiring implied	SOURCE_INSPECTED; host NOT_RUN	IMPLEMENTATION_GAP	Before afterBattleBegins callback host already invokes save-state; late hook insufficient	NA
T11	Persistence and notes	T	c450ecaee2d8131a2789bb656e3be792a93712fb	ironmon_tracker/Tracker.lua::saveData/loadData/verifyDataForPlayer	STOCK_NOT_ADAPTED	Phase A only; production disabled	https://github.com/Planton361/firered-gen9-randomizer-workspace/issues/688;https://github.com/Planton361/firered-gen9-randomizer-workspace/issues/691;https://github.com/Planton361/firered-gen9-randomizer-workspace/issues/692;https://github.com/Planton361/firered-gen9-randomizer-workspace/issues/693;https://github.com/Planton361/firered-gen9-randomizer-workspace/issues/694	HISTORICAL_CONSUMER_INVENTORY_NOT_EXECUTION	a03e2a7373cdc7789b925b22e62498dc754e4913	Exact current W and pinned T inspected; no production wiring implied	SOURCE_INSPECTED; host NOT_RUN	IMPLEMENTATION_GAP	Species-level keys and hash/overwrite state require session-aware quarantine	NA
T12	Runtime identity and effective data	WT	89f83c914d430f20a304e67be76483c02c8b67c8;c450ecaee2d8131a2789bb656e3be792a93712fb	docs/tracker/PROFILE_CONTRACT.md; T5_PHASE_A.md; public source-data.json	UNKNOWN_RUNTIME_BINDING	Phase A only; production disabled	https://github.com/Planton361/firered-gen9-randomizer-workspace/issues/688;https://github.com/Planton361/firered-gen9-randomizer-workspace/issues/691;https://github.com/Planton361/firered-gen9-randomizer-workspace/issues/692;https://github.com/Planton361/firered-gen9-randomizer-workspace/issues/693;https://github.com/Planton361/firered-gen9-randomizer-workspace/issues/694	HISTORICAL_CONSUMER_INVENTORY_NOT_EXECUTION	a03e2a7373cdc7789b925b22e62498dc754e4913	Exact current W and pinned T inspected; no production wiring implied	SOURCE/LUA locks PASS; runtime NOT_RUN	IMPLEMENTATION_GAP	No live addresses/identity; effective maxPP category stats party ability contextual names unresolved	NA
PIN01	Gitlink and source checkout	e68a701aa4e68733ef8ad1e7cadb68825c0d16c2	e68a701aa4e68733ef8ad1e7cadb68825c0d16c2	02_external/CFRU-expansion	PIN_CONFIRMED	NA	https://github.com/Planton361/firered-gen9-randomizer-workspace/issues/705	GIT_METADATA_AND_SOURCE_FILE_EXISTENCE	3bdfe9919afc0b7bea55c79f37285e832be495c3	Product Gitlink equals W; checkout HEAD equals pin; tracked clean	PASS	PROVENANCE	Availability is not a full asset/build validation	NA
PIN02	Gitlink and source checkout	d887185de1f6ae6a78e85c4311bbadde17041d00	d887185de1f6ae6a78e85c4311bbadde17041d00	02_external/Dynamic-Pokemon-Expansion-Gen-9	PIN_CONFIRMED	NA	https://github.com/Planton361/firered-gen9-randomizer-workspace/issues/705	GIT_METADATA_AND_SOURCE_FILE_EXISTENCE	3bdfe9919afc0b7bea55c79f37285e832be495c3	Product Gitlink equals W; checkout HEAD equals pin; tracked clean	PASS	PROVENANCE	Availability is not a full asset/build validation	NA
PIN03	Gitlink and source checkout	c450ecaee2d8131a2789bb656e3be792a93712fb	c450ecaee2d8131a2789bb656e3be792a93712fb	02_external/Ironmon-Tracker	PIN_CONFIRMED	NA	https://github.com/Planton361/firered-gen9-randomizer-workspace/issues/705	GIT_METADATA_AND_SOURCE_FILE_EXISTENCE	3bdfe9919afc0b7bea55c79f37285e832be495c3	Product Gitlink equals W; checkout HEAD equals pin; tracked clean	PASS	PROVENANCE	Availability is not a full asset/build validation	NA
PIN04	Gitlink and source checkout	a94b8844800308248bb5090b6c36c8b2d7e5d7b9	a94b8844800308248bb5090b6c36c8b2d7e5d7b9	02_external/NatDexExtension	PIN_CONFIRMED	NA	https://github.com/Planton361/firered-gen9-randomizer-workspace/issues/705	GIT_METADATA_AND_SOURCE_FILE_EXISTENCE	3bdfe9919afc0b7bea55c79f37285e832be495c3	Product Gitlink equals W; checkout HEAD equals pin; tracked clean	PASS	PROVENANCE	Availability is not a full asset/build validation	NA
PIN05	Gitlink and source checkout	16b8b9ffd77607debe7ce332cd50d3615f47e125	16b8b9ffd77607debe7ce332cd50d3615f47e125	02_external/references/cyansmp64-pokefirered-natdex	PIN_CONFIRMED	NA	https://github.com/Planton361/firered-gen9-randomizer-workspace/issues/705	GIT_METADATA_AND_SOURCE_FILE_EXISTENCE	3bdfe9919afc0b7bea55c79f37285e832be495c3	Product Gitlink equals W; checkout HEAD equals pin; tracked clean	PASS	PROVENANCE	Availability is not a full asset/build validation	NA
PIN06	Gitlink and source checkout	9b63eb2876d901dc2e5af49855ae41ac255e1a72	9b63eb2876d901dc2e5af49855ae41ac255e1a72	02_external/references/cyansmp64-upr-zx-natdex	PIN_CONFIRMED	NA	https://github.com/Planton361/firered-gen9-randomizer-workspace/issues/705	GIT_METADATA_AND_SOURCE_FILE_EXISTENCE	3bdfe9919afc0b7bea55c79f37285e832be495c3	Product Gitlink equals W; checkout HEAD equals pin; tracked clean	PASS	PROVENANCE	Availability is not a full asset/build validation	NA
PIN07	Gitlink and source checkout	e060ab955b5dc9ac1c4904c2cd141683615cf477	e060ab955b5dc9ac1c4904c2cd141683615cf477	02_external/references/pret-pokefirered	PIN_CONFIRMED	NA	https://github.com/Planton361/firered-gen9-randomizer-workspace/issues/705	GIT_METADATA_AND_SOURCE_FILE_EXISTENCE	3bdfe9919afc0b7bea55c79f37285e832be495c3	Product Gitlink equals W; checkout HEAD equals pin; tracked clean	PASS	PROVENANCE	Availability is not a full asset/build validation	NA
PIN08	Gitlink and source checkout	e0788edc6529c2605f201996e4807ff30165354c	e0788edc6529c2605f201996e4807ff30165354c	02_external/references/upr-fvx-upstream	PIN_CONFIRMED	NA	https://github.com/Planton361/firered-gen9-randomizer-workspace/issues/705	GIT_METADATA_AND_SOURCE_FILE_EXISTENCE	3bdfe9919afc0b7bea55c79f37285e832be495c3	Product Gitlink equals W; checkout HEAD equals pin; tracked clean	PASS	PROVENANCE	Availability is not a full asset/build validation	NA
PIN09	Gitlink and source checkout	7f00eb866ed35c8fe3963f078b6a2e0979dc2b8c	7f00eb866ed35c8fe3963f078b6a2e0979dc2b8c	02_external/references/upr-zx-ajarmar	PIN_CONFIRMED	NA	https://github.com/Planton361/firered-gen9-randomizer-workspace/issues/705	GIT_METADATA_AND_SOURCE_FILE_EXISTENCE	3bdfe9919afc0b7bea55c79f37285e832be495c3	Product Gitlink equals W; checkout HEAD equals pin; tracked clean	PASS	PROVENANCE	Availability is not a full asset/build validation	NA
PIN10	Gitlink and source checkout	4670a5413104ec02bc08c09ff584470a8a6cb7bd	4670a5413104ec02bc08c09ff584470a8a6cb7bd	02_external/upr-fvx	PIN_CONFIRMED	NA	https://github.com/Planton361/firered-gen9-randomizer-workspace/issues/705	GIT_METADATA_AND_SOURCE_FILE_EXISTENCE	3bdfe9919afc0b7bea55c79f37285e832be495c3	Product Gitlink equals W; checkout HEAD equals pin; tracked clean	PASS	PROVENANCE	Availability is not a full asset/build validation	NA
V01	Interpreted matrix suite	W	89f83c914d430f20a304e67be76483c02c8b67c8	07_scripts/randomizer/tests/test_upr_generation_matrix.py	MOCKED_ONLY	Private functions mocked	https://github.com/Planton361/firered-gen9-randomizer-workspace/issues/686	HISTORICAL_INTEGRATION_TESTS	3bdfe9919afc0b7bea55c79f37285e832be495c3	Runner/test bytes unchanged product-to-W	PASS89;0fail/error/skip	CURRENT_TEST	No Java/private generation	NA
V02	Source parser/profile check	W	89f83c914d430f20a304e67be76483c02c8b67c8	07_scripts/tracker/test_generate_cfru_dpe_source_data.py; generate_cfru_dpe_source_data.py::derive_layouts	PARTIAL_EXECUTION	ParserTests only	https://github.com/Planton361/firered-gen9-randomizer-workspace/issues/690	HISTORICAL_SOURCE_PROFILE_GENERATION	e0185f1082fdf83d00c7f11cd462a5405a20fc8a	T1 source-profile lock later repaired by #699; current W profile hash validated, no compiler rerun	PASS8 parser; NOT_RUN21 LockedProfileTests and --check	TEST_BOUNDARY	clang syntax/layout frontend prohibited by interpreted-only contract	NA
V03	Lua compatibility	W	89f83c914d430f20a304e67be76483c02c8b67c8	07_scripts/tracker/run_cfru_dpe_extension_mock_tests.py	RUNTIME_DEPENDENT	Lua5.4.9 used	https://github.com/Planton361/firered-gen9-randomizer-workspace/issues/691	HISTORICAL_MOCKS	89f83c914d430f20a304e67be76483c02c8b67c8	Same W bytes	PASS237 Lua5.4; NOT_RUN Lua5.1	TEST_BOUNDARY	No installed Lua5.1; no installs	NA
V04	JUnit exit oracle	U	4670a5413104ec02bc08c09ff584470a8a6cb7bd	build.gradle.kts:28; random/build.gradle.kts; romio/build.gradle.kts	EXIT_CODE_INSUFFICIENT	ignoreFailures=true	https://github.com/Planton361/firered-gen9-randomizer-workspace/issues/685	HISTORICAL_XML_VALIDATED_32	4670a5413104ec02bc08c09ff584470a8a6cb7bd	Config remains present at U	SOURCE_CONFIRMED; Java NOT_RUN	TEST_ORACLE_RISK	Require fresh XML expected suites/counts; fail on failures/errors/skips/missing reports	NA
V05	Current-head provenance guard	W	89f83c914d430f20a304e67be76483c02c8b67c8	07_scripts/randomizer/upr_generation_matrix.py::verify_pins	CURRENT_HEAD_REJECTED	Four allowed paths from4e7bffa45d2d68919e48d5329ad8bcb55dc8408e	https://github.com/Planton361/firered-gen9-randomizer-workspace/issues/686	HISTORICAL_PIN_REBASELINE	3bdfe9919afc0b7bea55c79f37285e832be495c3	Current accepted Tracker/docs deltas outside allowlist	EXPECTED_GUARD_REJECTION exit1 before report writes	GUARD_USABILITY	Exact accepted runner at product3bdfe991; no relaxed guards or bypass	NA
V06	Combined replay scope	U	4670a5413104ec02bc08c09ff584470a8a6cb7bd	random/src/test/java/com/uprfvx/random/randomizers/CombinedReplayFixture.java; romio/src/testFixtures/java/com/uprfvx/romio/romhandlers/CfruDpeEvolutionFixture.java	GEN1_SYNTHETIC_ONLY	Dex>151 removed; alt forms empty	https://github.com/Planton361/universal-pokemon-randomizer-fvx/pull/197	HISTORICAL_FRESH_PROCESS_REPLAY	4670a5413104ec02bc08c09ff584470a8a6cb7bd	Exact fixture at U inspected	SOURCE_CONFIRMED; Java NOT_RUN	COVERAGE_GAP	Not Gen1-9/regional or full writer/reopen proof	NA
V07	First failure accounting	W	89f83c914d430f20a304e67be76483c02c8b67c8	upr_generation_matrix.py::attempt; matrix tests	FIRST_FAILURE_RETAINED	Required vs diagnostic; no retry erasure	https://github.com/Planton361/firered-gen9-randomizer-workspace/issues/681;https://github.com/Planton361/firered-gen9-randomizer-workspace/issues/685	HISTORICAL_FIRST_FAIL_THEN_REPAIR	3bdfe9919afc0b7bea55c79f37285e832be495c3	Accepted repair revision distinct from failing revision	MOCKED_MATRIX_PASS; private NOT_RUN	REPAIRED_HISTORICAL_DEFECT	Initial677 FAIL retained; ten independent post-fix passes not full297 rerun	NA
A01	Project metadata	W	89f83c914d430f20a304e67be76483c02c8b67c8	GitHub Project4 live item-list; Issues705/499/691/692	LIVE_FIELDS_OBSERVED	705 requested P0 not populated	https://github.com/Planton361/firered-gen9-randomizer-workspace/issues/705	LIVE_QUERY_2026-10-08	89f83c914d430f20a304e67be76483c02c8b67c8	No inference from PR state	PASS query; missing fields UNKNOWN	CONTROL_PLANE_CONFLICT	499/691/692 Done but OPEN; no field writes	NA
A02	Upstream palette candidate	U	4670a5413104ec02bc08c09ff584470a8a6cb7bd	Gen3to5TypeColors.java; upstream master956168804d5b39901ea12848b4fe5052c6f7c78b	TRANSFER_CANDIDATE	UPSTREAM_CONTRIBUTION=DEFERRED	https://github.com/upr-fvx/universal-pokemon-randomizer-fvx/commit/956168804d5b39901ea12848b4fe5052c6f7c78b	LIVE_SOURCE_AND_CONTRIBUTION_TEMPLATE_READ	4670a5413104ec02bc08c09ff584470a8a6cb7bd	Upstream still new Random(); no port executed	SOURCE_CONFIRMED	SEPARATE_DECISION	Upstream-native tests; authorship GPL notices; no contact/branch	NA
A03	Launch	W	89f83c914d430f20a304e67be76483c02c8b67c8	docs/ROADMAP.md; Issue501; source license/credit notices	NOT_FROZEN	Exact U/C/I only	https://github.com/Planton361/firered-gen9-randomizer-workspace/issues/501;https://github.com/Planton361/firered-gen9-randomizer-workspace/issues/498	ACCEPTED_PRODUCT_NOT_TRACKER_RELEASE	3bdfe9919afc0b7bea55c79f37285e832be495c3	Product acceptance retained	NOT_RUN live launch gates	SEPARATE_DECISION	499 host;500 consumer acceptance; rights/credits/setup/reproducibility/rollback; no distribution	NA
NEXT	Only proposed next task	WT	89f83c914d430f20a304e67be76483c02c8b67c8;c450ecaee2d8131a2789bb656e3be792a93712fb	Report section6 exact four-file allowlist	PROPOSED_NOT_IMPLEMENTED	Actual pinned consumer sandbox	https://github.com/Planton361/firered-gen9-randomizer-workspace/issues/705;https://github.com/Planton361/firered-gen9-randomizer-workspace/issues/500	PROPOSAL_ONLY	89f83c914d430f20a304e67be76483c02c8b67c8	Builds on inspected real call graph	NOT_RUN	MAC_NOW	Fresh bounded contract; trap IO/memory writes/save state; characterize stock gaps; no host entrypoint	NA
